etat,marque,annee,prix
Venant,SYM,2015,375 000 F Cfa
Neuf,Autre,2023,1 F Cfa
Neuf,Autre,2023,1 F Cfa
Neuf,Autre,2023,1 F Cfa
Neuf,KTM,2023,1 F Cfa
Venant,Honda,2022,5 900 000 F Cfa
Venant,Yamaha,2023,5 000 000 F Cfa
Venant,Kymco,2011,2 200 000 F Cfa
Venant,Piaggio,2018,500 000 F Cfa
D'occasion,Honda,2018,1 400 000 F Cfa
D'occasion,Yamaha,2016,950 000 F Cfa
Venant,SYM,2015,375 000 F Cfa
D'occasion,BMW,2019,5 500 000 F Cfa
Venant,Yamaha,2012,900 000 F Cfa
Venant,Yamaha,2015,2 450 000 F Cfa
Neuf,Can Am,2023,5 000 000 F Cfa
Neuf,Yamaha,2023,6 600 000 F Cfa
Neuf,Kymco,2019,500 000 F Cfa
Venant,Yamaha,2008,400 000 F Cfa
Venant,Yamaha,2010,450 000 F Cfa
Neuf,Yamaha,2012,500 000 F Cfa
Neuf,SYM,2018,400 000 F Cfa
Venant,SYM,2015,375 000 F Cfa
Venant,Yamaha,2016,500 000 F Cfa
D'occasion,Yamaha,2019,2 900 000 F Cfa
Neuf,Autre,2023,1 F Cfa
Venant,BMW,2018,4 200 000 F Cfa
Venant,Honda,2019,4 250 000 F Cfa
Venant,Honda,2018,3 500 000 F Cfa
Venant,Honda,2019,4 250 000 F Cfa
Venant,Yamaha,2022,5 000 000 F Cfa
D'occasion,Kymco,2008,800 000 F Cfa
D'occasion,CF Moto,2023,11 000 000 F Cfa
Venant,SYM,2015,375 000 F Cfa
Neuf,KTM,2023,1 F Cfa
Neuf,Yamaha,2021,1 800 000 F Cfa
D'occasion,Yamaha,2003,920 000 F Cfa
Neuf,Autre,2023,1 F Cfa
Neuf,KTM,2019,1 600 000 F Cfa
D'occasion,CF Moto,2022,11 500 000 F Cfa
Neuf,Yamaha,2018,650 000 F Cfa
Venant,BMW,2017,3 000 000 F Cfa
Venant,BMW,2020,5 900 000 F Cfa
Venant,BMW,2023,5 900 000 F Cfa
Venant,SYM,2015,375 000 F Cfa
Neuf,SYM,2013,580 000 F Cfa
Neuf,SYM,2014,400 000 F Cfa
D'occasion,Piaggio,2012,350 000 F Cfa
Venant,BMW,2007,2 200 000 F Cfa
Venant,Piaggio,2014,750 000 F Cfa
Venant,Honda,2021,5 750 000 F Cfa
Venant,BMW,2022,9 500 000 F Cfa
Neuf,Honda,2021,1 900 000 F Cfa
Neuf,Autre,2023,31 000 F Cfa
Venant,SYM,2015,375 000 F Cfa
Neuf,KTM,2023,650 000 F Cfa
Neuf,Bajaj,2023,1 F Cfa
Neuf,Autre,2020,595 000 F Cfa
Neuf,KTM,2020,580 000 F Cfa
Neuf,Autre,2023,1 F Cfa
Neuf,Autre,2023,1 F Cfa
Neuf,KTM,2023,460 000 F Cfa
Neuf,Autre,2023,12 000 F Cfa
D'occasion,Piaggio,2012,400 000 F Cfa
D'occasion,Honda,2018,2 300 000 F Cfa
Venant,SYM,2015,375 000 F Cfa
D'occasion,Lifan,2023,700 000 F Cfa
Venant,Gilera,2006,285 000 F Cfa
Venant,Honda,2018,3 200 000 F Cfa
Venant,Honda,2020,1 750 000 F Cfa
Venant,Piaggio,2011,800 000 F Cfa
D'occasion,TGB,2009,3 100 000 F Cfa
D'occasion,BMW,2020,4 000 000 F Cfa
D'occasion,MBK,2008,300 000 F Cfa
Venant,Honda,2023,425 000 F Cfa
Venant,Kymco,2021,1 900 000 F Cfa
Venant,SYM,2015,375 000 F Cfa
D'occasion,Honda,2021,5 000 000 F Cfa
Venant,Yamaha,2019,2 800 000 F Cfa
Neuf,Piaggio,2012,600 000 F Cfa
Venant,Honda,2021,1 500 000 F Cfa
Venant,MBK,2012,200 000 F Cfa
D'occasion,Suzuki,2005,375 000 F Cfa
Neuf,Autre,2023,305 000 F Cfa
Neuf,Honda,2018,3 800 000 F Cfa
Venant,Suzuki,2017,2 200 000 F Cfa
Neuf,Yamaha,2008,800 000 F Cfa
Venant,SYM,2015,375 000 F Cfa
Neuf,Yamaha,2022,4 500 000 F Cfa
Venant,Yamaha,2021,2 300 000 F Cfa
Venant,Honda,2016,1 300 000 F Cfa
Venant,Hyosung,2016,1 500 000 F Cfa
Venant,Beta,2022,1 500 000 F Cfa
Neuf,Autre,2023,12 000 F Cfa
D'occasion,Autre,2020,300 000 F Cfa
Venant,Gilera,2016,200 000 F Cfa
Neuf,MBK,2015,250 000 F Cfa
Venant,SYM,2018,330 000 F Cfa
Venant,SYM,2015,375 000 F Cfa
Neuf,SYM,2018,250 000 F Cfa
Venant,BMW,2021,4 500 000 F Cfa
Neuf,Kymco,2012,250 000 F Cfa
Neuf,Honda,2022,1 400 000 F Cfa
Venant,Yamaha,2019,1 700 000 F Cfa
Venant,Aprilia,2020,180 000 F Cfa
Venant,Yamaha,2021,4 500 000 F Cfa
Venant,Gilera,2003,250 000 F Cfa
Neuf,Piaggio,2018,230 000 F Cfa
Neuf,MBK,2022,330 000 F Cfa
Venant,SYM,2015,375 000 F Cfa
Neuf,Piaggio,2017,850 000 F Cfa
Venant,Yamaha,2021,3 400 000 F Cfa
Venant,Honda,2023,1 900 000 F Cfa
Neuf,KTM,2020,480 000 F Cfa
Venant,Kymco,2023,475 000 F Cfa
Neuf,Piaggio,2018,480 000 F Cfa
Venant,BMW,2023,950 000 F Cfa
Venant,BMW,2003,1 500 000 F Cfa
Venant,SYM,2015,375 000 F Cfa
Venant,SYM,2017,320 000 F Cfa
Neuf,Kymco,2016,380 000 F Cfa
Neuf,Aprilia,2020,250 000 F Cfa
D'occasion,KTM,2013,1 500 000 F Cfa
Venant,Vespa,2016,230 000 F Cfa
D'occasion,Honda,2011,400 000 F Cfa
Neuf,Vespa,2018,475 000 F Cfa
Venant,Honda,2018,3 900 000 F Cfa
D'occasion,Kymco,2015,800 000 F Cfa
Neuf,Honda,2023,595 000 F Cfa
Venant,SYM,2015,375 000 F Cfa
Venant,BMW,2012,2 500 000 F Cfa
Venant,Yamaha,2022,3 200 000 F Cfa
Venant,Gilera,2012,280 000 F Cfa
D'occasion,Yamaha,2018,900 000 F Cfa
Venant,Piaggio,2020,299 000 F Cfa
Neuf,Autre,2022,200 000 F Cfa
Venant,Honda,2019,4 850 000 F Cfa
Venant,Yamaha,2022,2 700 000 F Cfa
Venant,SYM,2015,375 000 F Cfa
D'occasion,Yamaha,2021,3 700 000 F Cfa
Venant,BMW,2007,2 200 000 F Cfa
D'occasion,Suzuki,2009,2 800 000 F Cfa
Neuf,Bajaj,2020,680 000 F Cfa
Neuf,Autre,2022,480 000 F Cfa
D'occasion,Yamaha,2009,250 000 F Cfa
Venant,SYM,2015,375 000 F Cfa
D'occasion,Ducati,2009,1 500 000 F Cfa
Venant,Yamaha,2021,850 000 F Cfa
D'occasion,Yamaha,2012,550 000 F Cfa
Neuf,Lifan,2022,1 F Cfa
Venant,SYM,2015,375 000 F Cfa
Venant,Kymco,2021,1 900 000 F Cfa
D'occasion,KTM,2017,3 000 000 F Cfa
Venant,Honda,2021,1 950 000 F Cfa
Venant,Kymco,2023,425 000 F Cfa
D'occasion,Yamaha,2018,2 500 000 F Cfa
D'occasion,Piaggio,2009,260 000 F Cfa
